{
    "loss": 0.6060211062431335,
    "accuracy": 0.931034505367279
}