{
    "loss": 2.476536750793457,
    "accuracy": 0.8103448152542114
}