{
    "loss": 0.5097516775131226,
    "accuracy": 0.9482758641242981
}